District Name,Outages,Lines Down,Wind Speed
Western Ohio,30465,60301,14.10909091
Columbus,9386,18650,14.20634921
Athens,17747,35554,14.55742297
Chillicothe,25364,54511,14.18250951
Newark,22642,42708,13.94594595
Canton,13397,25590,14.31654676
